date,contest,problem,result,time_minutes,tags,review,notes,explanation_path
2026-06-28,abc441,b,AC,7,"累積和",n,"vectorのインデックス番号に注意する",""
2026-06-30,abc407,b,AC,10,"全探索",y,"fixed と setprecision で固定小数点表記の表示を操れる",""
2026-07-02,abc460,b,WA,15,"その他",y,"",""
2026-07-02,abc444,b,AC,5,"基数",n,"",""
2026-07-03,abc454,b,AC,7,"",n,"index番号に気をつける",""
2026-07-03,abc447,b,giveup,7,"文字列",y,"文字コードの引き算を使えるようにする","problems/abc447/b/explanation.md"
2026-07-05,abc451,b,AC,7,"",n,"",""
2026-07-05,abc461,b,AC,10,"",n,"",""
2026-07-09,abc429,b,AC,5,"なし",n,"",""
2026-07-10,abc405,c,AC,10,"累積和",n,"計算時間に注意",""
2026-07-10,abc435,c,AC,20,"",n,"区切りを動かす",""
2026-07-11,abc455,c,giveup,20,"",n,"連想配列を使う",""
2026-07-13,abc426,b,AC,7,"",n,"",""
2026-07-13,abc417,c,giveup,20,"",n,"連想配列を用いる",""
2026-07-16,abc421,b,AC,10,"",n,"",""
2026-07-19,abc463,c,WA,30,"二分探索",y,"upper_boundを用いた二分探索","problems/abc463/c/explanation.md"
2026-07-19,abc344,c,AC,20,"二分探索",n,"二分探索の練習(lower_bound)",""
